2024-02-01,(주)안산동서물류,https://cdn-pro-web-209-40.cdn-nhncommerce.com/edftr76860385_godomall_com/data/goods/23/02/07/18202/t50_18202_list_021.jpg#http://edftr76860385.godomall.com/goods/goods_view.php?goodsNo=18202,특가 맥심/카누/모카골드/화이트골드 LV 모음 기획전#종류 선택:카누 미니 다크 150T X 2개(총 300T),2,109800,배송중,05:04,2024-02-01
2024-01-30,(주)안산동서물류,https://cdn-pro-web-209-40.cdn-nhncommerce.com/edftr76860385_godomall_com/data/goods/23/02/06/17917/t50_17917_list_014.jpg#http://edftr76860385.godomall.com/goods/goods_view.php?goodsNo=17917,맥심 모카골드 마일드 커피믹스 12g X 210T# ,4,97600,배송중,13:49,2024-01-30
2024-01-30,(주)안산동서물류,https://cdn-pro-web-209-40.cdn-nhncommerce.com/edftr76860385_godomall_com/data/goods/23/02/06/17972/t50_17972_list_066.jpg#http://edftr76860385.godomall.com/goods/goods_view.php?goodsNo=17972,오레오 과자 민트초코 80g 신제품# ,1,940,배송중,13:20,2024-01-30
2024-01-30,Boral,https://cdn-pro-web-209-40.cdn-nhncommerce.com/edftr76860385_godomall_com/data/goods/23/10/42/22702/t50_22702_list_069.jpg#http://edftr76860385.godomall.com/goods/goods_view.php?goodsNo=22702,보랄 더 셰프 스테인리스 304 우드디자인 에어프라이어 오븐 16L ..# ,1,62900,배송중,17:19,2024-01-29
2024-01-29,(주)안산동서물류,https://cdn-pro-web-209-40.cdn-nhncommerce.com/edftr76860385_godomall_com/data/goods/23/02/06/17991/t50_17991_list_027.jpg#http://edftr76860385.godomall.com/goods/goods_view.php?goodsNo=17991,카누 미니 라이트 로스트(신제품) 150T# ,1,29500,배송중,04:49,2024-01-29
2024-01-27,트라이스,http://shizell636.hgodo.com/rogiceramicpot/rogiIHfrypan/rogi-fry3setA-thumb1.jpg#http://edftr76860385.godomall.com/goods/goods_view.php?goodsNo=20849,ROGI 로기 colo IH 프라이팬 3종세트A (F20+F28+W28)# ,1,56900,배송중,22:29,2024-01-26
2024-01-27,(주)안산동서물류,https://cdn-pro-web-209-40.cdn-nhncommerce.com/edftr76860385_godomall_com/data/goods/23/02/06/18037/t50_18037_list_09.jpg#http://edftr76860385.godomall.com/goods/goods_view.php?goodsNo=18037,포스트 그래놀라 크랜베리 아몬드 350g X10개 한박스# ,1,34600,배송중,18:30,2024-01-26
2024-01-26,Boral,https://cdn-pro-web-209-40.cdn-nhncommerce.com/edftr76860385_godomall_com/data/goods/24/01/01/23450/t50_23450_list_041.jpg#http://edftr76860385.godomall.com/goods/goods_view.php?goodsNo=23450,보랄 디지털 보온 드립 커피포트 BR-103DD#색상:아이보리,1,47900,배송중,21:24,2024-01-25
2024-01-25,(주)안산동서물류,https://cdn-pro-web-209-40.cdn-nhncommerce.com/edftr76860385_godomall_com/data/goods/23/02/06/18054/t50_18054_list_094.jpg#http://edftr76860385.godomall.com/goods/goods_view.php?goodsNo=18054,포스트 아몬드 후레이크 1000g X4개 (4kg)# ,1,32500,구매확정,11:58,2024-01-25
2024-01-24,(주)안산동서물류,https://cdn-pro-web-209-40.cdn-nhncommerce.com/edftr76860385_godomall_com/data/goods/23/02/06/17914/t50_17914_list_065.jpg#http://edftr76860385.godomall.com/goods/goods_view.php?goodsNo=17914,맥심 모카골드 라이트 커피믹스 11.8g x 180T X4개# ,1,72900,배송중,09:27,2024-01-24
2024-01-23,(주)안산동서물류,https://cdn-pro-web-209-40.cdn-nhncommerce.com/edftr76860385_godomall_com/data/goods/23/02/06/17941/t50_17941_list_086.jpg#http://edftr76860385.godomall.com/goods/goods_view.php?goodsNo=17941,맥심 슈프림골드 커피믹스 13.5g X 170개입 X 3개# ,1,78100,구매확정,15:00,2024-01-23
2024-01-23,(주)안산동서물류,https://cdn-pro-web-209-40.cdn-nhncommerce.com/edftr76860385_godomall_com/data/goods/23/02/06/17922/t50_17922_list_046.jpg#http://edftr76860385.godomall.com/goods/goods_view.php?goodsNo=17922,맥심 모카골드 커피믹스 12g x 170T#종류:맥심 모카골드 커피믹스 12g x 170T,1,20300,구매확정,19:31,2024-01-22
2024-01-22,★리퍼특가★,https://cdn-pro-web-209-40.cdn-nhncommerce.com/edftr76860385_godomall_com/data/goods/23/08/35/22355/t50_22355_list_034.jpg#http://edftr76860385.godomall.com/goods/goods_view.php?goodsNo=22355,코코미 레이나 500 에어프라이어 전자렌지대 주방수납장#색상선택:그레이화이트,1,59900,배송중,01:12,2024-01-22
2024-01-21,트라이스,http://shizell636.hgodo.com/elacusin IHfrypan/elacusin wok28 thumb (2).jpg#http://edftr76860385.godomall.com/goods/goods_view.php?goodsNo=21148,Shizell 쉬젤 엘라쿠진 나뛰렐 IH궁중팬 28cm# ,1,21900,배송중,10:41,2024-01-21
2024-01-20,트라이스,https://trys.speedgabia.com/gncompany/220120/15_600.jpg#http://edftr76860385.godomall.com/goods/goods_view.php?goodsNo=21194,Rhinox 라이녹스 모던형 내츄럴 우든핸들 IH 궁중팬 28cm# ,1,18900,배송중,08:52,2024-01-20
2024-01-19,트라이스,http://shizell636.hgodo.com/elegance IHfrypan/shizell elegance frypan 5setsthumb2.jpg#http://edftr76860385.godomall.com/goods/goods_view.php?goodsNo=21152,Shizell 쉬젤 엘레강스 IH 프라이팬 5종세트# ,1,66900,구매확정,11:30,2024-01-19
2024-01-19,트라이스,https://cdn-pro-web-209-40.cdn-nhncommerce.com/edftr76860385_godomall_com/data/goods/23/11/47/23252/t50_23252_list_032.jpg#http://edftr76860385.godomall.com/goods/goods_view.php?goodsNo=23252,Psyche 프시케 HOLIC 스텐 1T 편수냄비 18cm SK-07# ,1,12900,구매확정,23:46,2024-01-18
2024-01-19,트라이스,https://cdn-pro-web-209-40.cdn-nhncommerce.com/edftr76860385_godomall_com/data/goods/23/11/47/23253/t50_23253_list_07.jpg#http://edftr76860385.godomall.com/goods/goods_view.php?goodsNo=23253,Psyche 프시케 HOLIC 스텐 1T 양수냄비 20cm SK-08# ,1,13900,구매확정,23:46,2024-01-18
2024-01-19,트라이스,https://cdn-pro-web-209-40.cdn-nhncommerce.com/edftr76860385_godomall_com/data/goods/23/11/47/23254/t50_23254_list_053.jpg#http://edftr76860385.godomall.com/goods/goods_view.php?goodsNo=23254,Psyche 프시케 HOLIC 스텐 1T 전골냄비 26cm SK-09# ,1,16900,구매확정,23:46,2024-01-18
2024-01-18,★리퍼특가★,https://cdn-pro-web-209-40.cdn-nhncommerce.com/edftr76860385_godomall_com/data/goods/23/08/35/22355/t50_22355_list_034.jpg#http://edftr76860385.godomall.com/goods/goods_view.php?goodsNo=22355,코코미 레이나 500 에어프라이어 전자렌지대 주방수납장#색상선택:그레이,1,59900,배송완료,16:04,2024-01-18
2024-01-18,★리퍼특가★,https://cdn-pro-web-209-40.cdn-nhncommerce.com/edftr76860385_godomall_com/data/goods/23/08/35/22355/t50_22355_list_034.jpg#http://edftr76860385.godomall.com/goods/goods_view.php?goodsNo=22355,코코미 레이나 500 에어프라이어 전자렌지대 주방수납장#색상선택:그레이,1,59900,구매확정,03:42,2024-01-18
2024-01-17,트라이스,https://trys2023.speedgabia.com/homniz/2023/03.21/1.jpg#http://edftr76860385.godomall.com/goods/goods_view.php?goodsNo=20831,BORAL 보랄 대형 폴딩 카트 BR-FC1201# ,1,43900,구매확정,18:19,2024-01-16
2024-01-16,★리퍼특가★,https://cdn-pro-web-209-40.cdn-nhncommerce.com/edftr76860385_godomall_com/data/goods/23/08/35/22355/t50_22355_list_034.jpg#http://edftr76860385.godomall.com/goods/goods_view.php?goodsNo=22355,코코미 레이나 500 에어프라이어 전자렌지대 주방수납장#색상선택:화이트,1,59900,배송완료,17:29,2024-01-15
2024-01-16,(주)안산동서물류,https://cdn-pro-web-209-40.cdn-nhncommerce.com/edftr76860385_godomall_com/data/goods/23/02/07/18202/t50_18202_list_021.jpg#http://edftr76860385.godomall.com/goods/goods_view.php?goodsNo=18202,특가 맥심/카누/모카골드/화이트골드 LV 모음 기획전#종류 선택:모카골드 50T,2,19000,구매확정,17:05,2024-01-15
2024-01-15,(주)안산동서물류,https://cdn-pro-web-209-40.cdn-nhncommerce.com/edftr76860385_godomall_com/data/goods/23/02/07/18204/t50_18204_list_031.jpg#http://edftr76860385.godomall.com/goods/goods_view.php?goodsNo=18204,특가 시리얼 묶음 LV 모음 기획전#선택:리츠 오리지날 크래커 80g x 6개,1,7900,구매확정,22:34,2024-01-14
2024-01-13,트라이스,https://trys.speedgabia.com/gncompany/220218/3_600.jpg#http://edftr76860385.godomall.com/goods/goods_view.php?goodsNo=21157,VAIMAR 바이마르 IH 통3중 스텐 전골 가마솥 26cm# ,1,26900,구매확정,13:38,2024-01-13
2024-01-12,(주)안산동서물류,https://cdn-pro-web-209-40.cdn-nhncommerce.com/edftr76860385_godomall_com/data/goods/23/02/06/17941/t50_17941_list_086.jpg#http://edftr76860385.godomall.com/goods/goods_view.php?goodsNo=17941,맥심 슈프림골드 커피믹스 13.5g X 170개입 X 3개# ,1,78100,구매확정,08:20,2024-01-12
2024-01-11,(주)안산동서물류,https://cdn-pro-web-209-40.cdn-nhncommerce.com/edftr76860385_godomall_com/data/goods/23/02/06/17897/t50_17897_list_030.jpg#http://edftr76860385.godomall.com/goods/goods_view.php?goodsNo=17897,누룽지 둥굴레차 1.5g x 100티백# ,1,6560,배송완료,13:00,2024-01-11
2024-01-11,파로마리빙,https://cdn-pro-web-209-40.cdn-nhncommerce.com/edftr76860385_godomall_com/data/goods/23/02/05/16944/t50_16944_list_011.jpg#http://edftr76860385.godomall.com/goods/goods_view.php?goodsNo=16944,한경희 아쿠아젯 무선 물걸레청소기 파워풀한 듀얼스핀#색상:화이트실버 HAAN-WV300,1,119000,구매확정,17:13,2024-01-10
2024-01-10,트라이스,https://cdn-pro-web-209-40.cdn-nhncommerce.com/edftr76860385_godomall_com/data/goods/24/01/02/23472/t50_23472_list_077.jpg#http://edftr76860385.godomall.com/goods/goods_view.php?goodsNo=23472,SWISSMILITARY 스위스밀리터리 투명도어 대용량 에어프라이어 오븐 12L..# ,1,55900,배송완료,13:20,2024-01-10
2024-01-10,Boral,https://cdn-pro-web-209-40.cdn-nhncommerce.com/edftr76860385_godomall_com/data/goods/24/01/01/23450/t50_23450_list_041.jpg#http://edftr76860385.godomall.com/goods/goods_view.php?goodsNo=23450,보랄 디지털 보온 드립 커피포트 BR-103DD#색상:아이보리,1,47900,배송완료,13:20,2024-01-10
2024-01-10,(주)안산동서물류,https://cdn-pro-web-209-40.cdn-nhncommerce.com/edftr76860385_godomall_com/data/goods/23/02/06/17939/t50_17939_list_017.jpg#http://edftr76860385.godomall.com/goods/goods_view.php?goodsNo=17939,맥심 슈프림골드 커피믹스 13.5g X 170개입# ,1,25990,구매확정,12:20,2024-01-10
2024-01-09,트라이스,http://shizell636.hgodo.com/rogiceramicspoon/colospoon-4set-thumb1.jpg#http://edftr76860385.godomall.com/goods/goods_view.php?goodsNo=20883,ROGI 로기 colo 세라믹수저 4종세트(화이트크림+머드그레이+인디안핑크+올리..# ,1,32900,구매확정,13:26,2024-01-09
2024-01-07,트라이스,http://daesangcoo.cafe24.com/img/title_index_cuttingboard_600.jpg#http://edftr76860385.godomall.com/goods/goods_view.php?goodsNo=21217,Coobinox 쿠비녹스 걸이형 인덱스 도마4p CO-04-16# ,1,13900,구매확정,16:54,2024-01-07
2024-01-06,고래가구,https://cdn-pro-web-209-40.cdn-nhncommerce.com/edftr76860385_godomall_com/data/goods/23/11/47/23063/t50_23063_list_088.jpg#http://edftr76860385.godomall.com/goods/goods_view.php?goodsNo=23063,샤크 600 선반 수납 건조기장#샤크 600 건조기장:화이트선반 + 화이트다리,1,52000,구매확정,12:29,2024-01-06
2024-01-04,(주)안산동서물류,https://cdn-pro-web-209-40.cdn-nhncommerce.com/edftr76860385_godomall_com/data/goods/23/02/06/17912/t50_17912_list_080.jpg#http://edftr76860385.godomall.com/goods/goods_view.php?goodsNo=17912,맥심 모카골드 라이트 커피믹스 11.8g x 180T X2개# ,1,36780,구매확정,17:33,2024-01-03
2024-01-03,청송방,https://cdn-pro-web-209-40.cdn-nhncommerce.com/edftr76860385_godomall_com/data/goods/23/04/17/21271/t50_21271_list_06.jpg#http://edftr76860385.godomall.com/goods/goods_view.php?goodsNo=21271,굿더치커피 유리병 3종 선물세트 콜드브루 커피원액#선택:1종,1,9900,구매확정,13:16,2024-01-03
2024-01-03,트라이스,https://trys.speedgabia.com/BP/2022/10.26/1.jpg#http://edftr76860385.godomall.com/goods/goods_view.php?goodsNo=20826,미식백과 누룽지 50g x 30봉(백미10봉+찹쌀10봉+오곡10봉)# ,3,38700,구매확정,13:16,2024-01-03
2024-01-03,(주)안산동서물류,https://cdn-pro-web-209-40.cdn-nhncommerce.com/edftr76860385_godomall_com/data/goods/23/02/06/17919/t50_17919_list_090.jpg#http://edftr76860385.godomall.com/goods/goods_view.php?goodsNo=17919,맥심 모카골드 마일드 커피믹스 12g X 210T X3개# ,1,72900,구매확정,10:22,2024-01-03
2024-01-03,(주)안산동서물류,https://cdn-pro-web-209-40.cdn-nhncommerce.com/edftr76860385_godomall_com/data/goods/23/07/28/22070/t50_17917_list_014.jpg#http://edftr76860385.godomall.com/goods/goods_view.php?goodsNo=22070,맥심 모카골드 마일드 커피믹스 12g X 210T# ,1,24400,구매확정,03:47,2024-01-03
2024-01-02,트라이스,https://trys.speedgabia.com/shijell/2022/09.26/1.jpg#http://edftr76860385.godomall.com/goods/goods_view.php?goodsNo=21153,ROGI 로기 COLO IH매직핸즈5종세트 로샤# ,1,50400,구매확정,00:50,2024-01-02
2024-01-02,트라이스,https://trys.speedgabia.com/shijell/2022/09.26/1.jpg#http://edftr76860385.godomall.com/goods/goods_view.php?goodsNo=21153,ROGI 로기 COLO IH매직핸즈5종세트 로샤# ,1,50400,구매확정,21:21,2024-01-01
2023-12-29,트라이스,https://trys2023.speedgabia.com/mnj_moon/2023/01.03/4.jpg#http://edftr76860385.godomall.com/goods/goods_view.php?goodsNo=21195,QUEENAR 퀸나 라운드 2인 홈세트 14P QN-RO14P#색상:아이보리+핑크//0원/0원/0//노출함/판매함/,1,22900,구매확정,13:25,2023-12-29
2023-12-29,트라이스,https://trys.speedgabia.com/shijell/2022/09.26/1.jpg#http://edftr76860385.godomall.com/goods/goods_view.php?goodsNo=21153,ROGI 로기 COLO IH매직핸즈5종세트 로샤# ,1,50400,구매확정,13:25,2023-12-29
2023-12-29,(주)안산동서물류,https://cdn-pro-web-209-40.cdn-nhncommerce.com/edftr76860385_godomall_com/data/goods/23/02/06/17941/t50_17941_list_086.jpg#http://edftr76860385.godomall.com/goods/goods_view.php?goodsNo=17941,맥심 슈프림골드 커피믹스 13.5g X 170개입 X 3개# ,1,78100,구매확정,12:40,2023-12-29
2023-12-28,(주)안산동서물류,https://cdn-pro-web-209-40.cdn-nhncommerce.com/edftr76860385_godomall_com/data/goods/23/02/07/18156/t50_18156_list_08.jpg#http://edftr76860385.godomall.com/goods/goods_view.php?goodsNo=18156,동서식품 맥심/카누/모카골드/화이트골드 LV 모음 기획전#종류 선택:카누 미니 마일드로스트 0.9g X 150T,1,27700,구매확정,09:23,2023-12-28
2023-12-28,(주)안산동서물류,https://cdn-pro-web-209-40.cdn-nhncommerce.com/edftr76860385_godomall_com/data/goods/23/02/07/18156/t50_18156_list_08.jpg#http://edftr76860385.godomall.com/goods/goods_view.php?goodsNo=18156,동서식품 맥심/카누/모카골드/화이트골드 LV 모음 기획전#종류 선택:카누 미니 마일드 로스트 스위트 아메리카노 2.9g x 100개입 (20T추가),1,19800,구매확정,09:23,2023-12-28
2023-12-28,(주)안산동서물류,https://cdn-pro-web-209-40.cdn-nhncommerce.com/edftr76860385_godomall_com/data/goods/23/02/07/18156/t50_18156_list_08.jpg#http://edftr76860385.godomall.com/goods/goods_view.php?goodsNo=18156,동서식품 맥심/카누/모카골드/화이트골드 LV 모음 기획전#종류 선택:맥심 화이트골드 커피믹스 11.7g X 210T,1,23960,구매확정,09:23,2023-12-28
2023-12-28,(주)안산동서물류,https://cdn-pro-web-209-40.cdn-nhncommerce.com/edftr76860385_godomall_com/data/goods/23/02/07/18156/t50_18156_list_08.jpg#http://edftr76860385.godomall.com/goods/goods_view.php?goodsNo=18156,동서식품 맥심/카누/모카골드/화이트골드 LV 모음 기획전#종류 선택:맥심 모카골드 마일드 커피믹스 12g X 210T,1,24400,구매확정,09:23,2023-12-28
2023-12-26,★리퍼특가★,https://cdn-pro-web-209-40.cdn-nhncommerce.com/edftr76860385_godomall_com/data/goods/23/08/35/22355/t50_22355_list_034.jpg#http://edftr76860385.godomall.com/goods/goods_view.php?goodsNo=22355,코코미 레이나 500 에어프라이어 전자렌지대 주방수납장#색상선택:화이트,1,59900,구매확정,11:18,2023-12-26
2023-12-26,(주)안산동서물류,https://cdn-pro-web-209-40.cdn-nhncommerce.com/edftr76860385_godomall_com/data/goods/23/02/06/18041/t50_18041_list_012.jpg#http://edftr76860385.godomall.com/goods/goods_view.php?goodsNo=18041,포스트 그래놀라 크랜베리 아몬드 570g X3개# ,1,14200,구매확정,17:16,2023-12-25
2023-12-24,트라이스,https://trys.speedgabia.com/tjnet/220104/3.jpg#http://edftr76860385.godomall.com/goods/goods_view.php?goodsNo=21132,ROYALFORD 로얄포드 캄포도마 네이처 M# ,1,33900,구매확정,18:49,2023-12-23
2023-12-23,(주)안산동서물류,https://cdn-pro-web-209-40.cdn-nhncommerce.com/edftr76860385_godomall_com/data/goods/23/10/40/22591/t50_22591_list_073.jpg#http://edftr76860385.godomall.com/goods/goods_view.php?goodsNo=22591,맥심 모카골드 마일드 240T# ,1,29610,구매확정,14:20,2023-12-23
2023-12-22,(주)안산동서물류,https://cdn-pro-web-209-40.cdn-nhncommerce.com/edftr76860385_godomall_com/data/goods/23/02/07/18167/t50_18167_list_038.jpg#http://edftr76860385.godomall.com/goods/goods_view.php?goodsNo=18167,동서식품 시리얼/오레오/리츠크래커 LV 모음 기획전#선택:오레오 레드벨벳 94g,1,1020,구매확정,07:48,2023-12-22
2023-12-22,(주)안산동서물류,https://cdn-pro-web-209-40.cdn-nhncommerce.com/edftr76860385_godomall_com/data/goods/23/02/07/18167/t50_18167_list_038.jpg#http://edftr76860385.godomall.com/goods/goods_view.php?goodsNo=18167,동서식품 시리얼/오레오/리츠크래커 LV 모음 기획전#선택:오레오 민트초코 80g,1,940,구매확정,07:48,2023-12-22
2023-12-22,(주)안산동서물류,https://cdn-pro-web-209-40.cdn-nhncommerce.com/edftr76860385_godomall_com/data/goods/23/02/07/18167/t50_18167_list_038.jpg#http://edftr76860385.godomall.com/goods/goods_view.php?goodsNo=18167,동서식품 시리얼/오레오/리츠크래커 LV 모음 기획전#선택:오레오 마일드스위트 100g,1,910,구매확정,07:48,2023-12-22
2023-12-22,(주)안산동서물류,https://cdn-pro-web-209-40.cdn-nhncommerce.com/edftr76860385_godomall_com/data/goods/23/02/07/18167/t50_18167_list_038.jpg#http://edftr76860385.godomall.com/goods/goods_view.php?goodsNo=18167,동서식품 시리얼/오레오/리츠크래커 LV 모음 기획전#선택:오레오 딸기크림 100g,1,910,구매확정,07:48,2023-12-22
2023-12-22,(주)안산동서물류,https://cdn-pro-web-209-40.cdn-nhncommerce.com/edftr76860385_godomall_com/data/goods/23/02/06/17968/t50_17968_list_037.png#http://edftr76860385.godomall.com/goods/goods_view.php?goodsNo=17968,스타벅스 더블샷 에스프레소앤크림 200ml x 24개입# ,1,26200,구매확정,20:39,2023-12-21
2023-12-19,트라이스,https://trys2023.speedgabia.com/homniz/2023/03.21/1.jpg#http://edftr76860385.godomall.com/goods/goods_view.php?goodsNo=20831,BORAL 보랄 대형 폴딩 카트 BR-FC1201# ,1,43900,구매확정,00:47,2023-12-19
2023-12-19,트라이스,https://trys2023.speedgabia.com/sindo/2023/01.10/600_2.jpg#http://edftr76860385.godomall.com/goods/goods_view.php?goodsNo=20839,Ssak 싹스핀 싹쓸이 크린 통돌이회전 청소기 (본품+패드2매+추가패드6매) S..# ,1,25900,구매확정,00:47,2023-12-19
2023-12-19,트라이스,https://trys.speedgabia.com/gncompany/square30_600.jpg#http://edftr76860385.godomall.com/goods/goods_view.php?goodsNo=20998,VAIMAR 바이마르 304 우드손잡이 IH 스퀘어팬 30cm# ,1,25900,구매확정,00:47,2023-12-19
2023-12-19,(주)안산동서물류,https://cdn-pro-web-209-40.cdn-nhncommerce.com/edftr76860385_godomall_com/data/goods/23/02/07/18156/t50_18156_list_08.jpg#http://edftr76860385.godomall.com/goods/goods_view.php?goodsNo=18156,동서식품 맥심/카누/모카골드/화이트골드 LV 모음 기획전#종류 선택:카누 미니 다크로스트 0.9g X 150T,1,25700,구매확정,22:42,2023-12-18
2023-12-19,(주)안산동서물류,https://cdn-pro-web-209-40.cdn-nhncommerce.com/edftr76860385_godomall_com/data/goods/23/02/07/18156/t50_18156_list_08.jpg#http://edftr76860385.godomall.com/goods/goods_view.php?goodsNo=18156,동서식품 맥심/카누/모카골드/화이트골드 LV 모음 기획전#종류 선택:맥심 화이트골드 커피믹스 11.7g X 210T,1,23960,구매확정,22:42,2023-12-18
2023-12-18,★리퍼특가★,https://cdn-pro-web-209-40.cdn-nhncommerce.com/edftr76860385_godomall_com/data/goods/23/08/35/22355/t50_22355_list_034.jpg#http://edftr76860385.godomall.com/goods/goods_view.php?goodsNo=22355,코코미 레이나 500 에어프라이어 전자렌지대 주방수납장#색상선택:그레이화이트,1,59900,구매확정,11:34,2023-12-18
2023-12-17,(주)안산동서물류,https://cdn-pro-web-209-40.cdn-nhncommerce.com/edftr76860385_godomall_com/data/goods/23/02/06/18070/t50_18070_list_011.jpg#http://edftr76860385.godomall.com/goods/goods_view.php?goodsNo=18070,포스트 프로틴바 소포장 단백질바 150g(50g X 3개입)# ,4,8440,구매확정,14:33,2023-12-17
2023-12-17,(주)안산동서물류,https://cdn-pro-web-209-40.cdn-nhncommerce.com/edftr76860385_godomall_com/data/goods/23/02/06/17915/t50_17915_list_064.jpg#http://edftr76860385.godomall.com/goods/goods_view.php?goodsNo=17915,맥심 모카골드 라이트 커피믹스 11.8g x 180T X6개# ,1,109400,구매확정,09:38,2023-12-17
2023-12-17,트라이스,https://trys.speedgabia.com/gncompany/220120/15_600.jpg#http://edftr76860385.godomall.com/goods/goods_view.php?goodsNo=21194,Rhinox 라이녹스 모던형 내츄럴 우든핸들 IH 궁중팬 28cm# ,2,37800,구매확정,04:13,2023-12-17
2023-12-17,★리퍼특가★,https://cdn-pro-web-209-40.cdn-nhncommerce.com/edftr76860385_godomall_com/data/goods/23/08/35/22355/t50_22355_list_034.jpg#http://edftr76860385.godomall.com/goods/goods_view.php?goodsNo=22355,코코미 레이나 500 에어프라이어 전자렌지대 주방수납장#색상선택:화이트,1,59900,구매확정,20:06,2023-12-16
2023-12-13,트라이스,https://trys.speedgabia.com/vaimar/6_600.jpg#http://edftr76860385.godomall.com/goods/goods_view.php?goodsNo=21145,Vaimar 독일 바이마르 멀티 채반 믹싱볼세트 VMK-NE21E002# ,1,13770,구매확정,11:34,2023-12-13
2023-12-13,트라이스,https://trys.speedgabia.com/vaimar/6_600.jpg#http://edftr76860385.godomall.com/goods/goods_view.php?goodsNo=21145,Vaimar 독일 바이마르 멀티 채반 믹싱볼세트 VMK-NE21E002# ,1,13770,구매확정,11:32,2023-12-13
2023-12-13,(주)안산동서물류,https://cdn-pro-web-209-40.cdn-nhncommerce.com/edftr76860385_godomall_com/data/goods/23/10/40/22591/t50_22591_list_073.jpg#http://edftr76860385.godomall.com/goods/goods_view.php?goodsNo=22591,맥심 모카골드 마일드 240T# ,1,29900,구매확정,17:43,2023-12-12
2023-12-12,(주)안산동서물류,https://cdn-pro-web-209-40.cdn-nhncommerce.com/edftr76860385_godomall_com/data/goods/23/02/06/17917/t50_17917_list_014.jpg#http://edftr76860385.godomall.com/goods/goods_view.php?goodsNo=17917,맥심 모카골드 마일드 커피믹스 12g X 210T# ,1,24400,구매확정,12:24,2023-12-12
2023-12-11,(주)안산동서물류,https://cdn-pro-web-209-40.cdn-nhncommerce.com/edftr76860385_godomall_com/data/goods/23/10/40/22591/t50_22591_list_073.jpg#http://edftr76860385.godomall.com/goods/goods_view.php?goodsNo=22591,맥심 모카골드 마일드 240T# ,3,89700,구매확정,12:08,2023-12-11
2023-12-11,동서가구,https://gi.esmplus.com/daon0605/동서가구/thumb_027.jpg#http://edftr76860385.godomall.com/goods/goods_view.php?goodsNo=16871,단독 이지드롭 변기크리너 블루핸들1개+리필4팩(48개입) 세트 변기청소..#리필향선택:5)_핸들+혼합구성(향4종),1,20900,구매확정,11:42,2023-12-11
2023-12-11,트라이스,https://trys.speedgabia.com/shijell/2022/09.26/1.jpg#http://edftr76860385.godomall.com/goods/goods_view.php?goodsNo=21153,ROGI 로기 COLO IH매직핸즈5종세트 로샤# ,1,50900,구매확정,10:16,2023-12-11
2023-12-11,파로마리빙,https://cdn-pro-web-209-40.cdn-nhncommerce.com/edftr76860385_godomall_com/data/goods/23/02/05/16947/t50_16947_list_030.jpg#http://edftr76860385.godomall.com/goods/goods_view.php?goodsNo=16947,도깨비 IH 압력 가마솥 인덕션 가스 겸용 1~2인용 압력밥솥#상품을 선택하세요:도깨비 압력솥+나무받침,1,89000,구매확정,19:57,2023-12-10
2023-12-11,★리퍼특가★,https://cdn-pro-web-209-40.cdn-nhncommerce.com/edftr76860385_godomall_com/data/goods/23/08/35/22355/t50_22355_list_034.jpg#http://edftr76860385.godomall.com/goods/goods_view.php?goodsNo=22355,코코미 레이나 500 에어프라이어 전자렌지대 주방수납장#색상선택:그레이화이트,1,59900,구매확정,18:43,2023-12-10
2023-12-11,★리퍼특가★,https://cdn-pro-web-209-40.cdn-nhncommerce.com/edftr76860385_godomall_com/data/goods/23/08/35/22355/t50_22355_list_034.jpg#http://edftr76860385.godomall.com/goods/goods_view.php?goodsNo=22355,코코미 레이나 500 에어프라이어 전자렌지대 주방수납장#색상선택:그레이화이트,1,59900,구매확정,17:43,2023-12-10
2023-12-10,트라이스,https://cdn-pro-web-209-40.cdn-nhncommerce.com/edftr76860385_godomall_com/data/goods/23/11/47/23247/t50_23247_list_043.jpg#http://edftr76860385.godomall.com/goods/goods_view.php?goodsNo=23247,QUEENAR 퀸나 작고 강한 6단 변속 심플리 마사지건 QNM-S7000W# ,1,24900,구매확정,12:24,2023-12-10
2023-12-10,트라이스,https://cdn-pro-web-209-40.cdn-nhncommerce.com/edftr76860385_godomall_com/data/goods/23/11/47/23247/t50_23247_list_043.jpg#http://edftr76860385.godomall.com/goods/goods_view.php?goodsNo=23247,QUEENAR 퀸나 작고 강한 6단 변속 심플리 마사지건 QNM-S7000W# ,3,74700,구매확정,21:21,2023-12-09
2023-12-09,★리퍼특가★,https://cdn-pro-web-209-40.cdn-nhncommerce.com/edftr76860385_godomall_com/data/goods/23/08/35/22355/t50_22355_list_034.jpg#http://edftr76860385.godomall.com/goods/goods_view.php?goodsNo=22355,코코미 레이나 500 에어프라이어 전자렌지대 주방수납장#색상선택:화이트,1,59900,구매확정,22:50,2023-12-08
2023-12-07,Boral,https://cdn-pro-web-209-40.cdn-nhncommerce.com/edftr76860385_godomall_com/data/goods/23/10/42/22703/t50_22703_list_036.jpg#http://edftr76860385.godomall.com/goods/goods_view.php?goodsNo=22703,보랄 더 셰프 기계식 스텐 304 우드디자인 에어프라이어 오븐 16L..# ,1,62900,구매확정,11:48,2023-12-07
2023-12-07,★리퍼특가★,https://cdn-pro-web-209-40.cdn-nhncommerce.com/edftr76860385_godomall_com/data/goods/23/08/35/22355/t50_22355_list_034.jpg#http://edftr76860385.godomall.com/goods/goods_view.php?goodsNo=22355,코코미 레이나 500 에어프라이어 전자렌지대 주방수납장#색상선택:그레이화이트,1,59900,구매확정,10:01,2023-12-07
2023-12-06,(주)안산동서물류,https://cdn-pro-web-209-40.cdn-nhncommerce.com/edftr76860385_godomall_com/data/goods/23/02/06/17913/t50_17913_list_098.jpg#http://edftr76860385.godomall.com/goods/goods_view.php?goodsNo=17913,맥심 모카골드 라이트 커피믹스 11.8g x 180T X3개# ,1,54920,구매확정,09:18,2023-12-06
2023-12-06,(주)안산동서물류,https://cdn-pro-web-209-40.cdn-nhncommerce.com/edftr76860385_godomall_com/data/goods/23/02/07/18202/t50_18202_list_021.jpg#http://edftr76860385.godomall.com/goods/goods_view.php?goodsNo=18202,특가 맥심/카누/모카골드/화이트골드 LV 모음 기획전#종류 선택:카누 미니 다크 150T X 2개(총 300T),1,54360,구매확정,19:47,2023-12-05
2023-12-05,트라이스,https://cdn-pro-web-209-40.cdn-nhncommerce.com/edftr76860385_godomall_com/data/goods/23/11/47/23247/t50_23247_list_043.jpg#http://edftr76860385.godomall.com/goods/goods_view.php?goodsNo=23247,QUEENAR 퀸나 작고 강한 6단 변속 심플리 마사지건 QNM-S7000W# ,1,24900,구매확정,00:07,2023-12-05
2023-12-05,(주)안산동서물류,https://cdn-pro-web-209-40.cdn-nhncommerce.com/edftr76860385_godomall_com/data/goods/23/02/06/18070/t50_18070_list_011.jpg#http://edftr76860385.godomall.com/goods/goods_view.php?goodsNo=18070,포스트 프로틴바 소포장 단백질바 150g(50g X 3개입)# ,20,42200,구매확정,22:25,2023-12-04
2023-12-04,(주)안산동서물류,https://cdn-pro-web-209-40.cdn-nhncommerce.com/edftr76860385_godomall_com/data/goods/23/10/40/22591/t50_22591_list_073.jpg#http://edftr76860385.godomall.com/goods/goods_view.php?goodsNo=22591,맥심 모카골드 마일드 240T# ,1,29900,구매확정,18:13,2023-12-03
2023-12-01,트라이스,https://keunmaru.speedgabia.com/2021/coco/02.jpg#http://edftr76860385.godomall.com/goods/goods_view.php?goodsNo=21179,VAIMAR 바이마르 코코 스탠 냄비 5종세트# ,1,49900,구매확정,00:04,2023-12-01
2023-11-30,(주)안산동서물류,https://cdn-pro-web-209-40.cdn-nhncommerce.com/edftr76860385_godomall_com/data/goods/23/10/40/22591/t50_22591_list_073.jpg#http://edftr76860385.godomall.com/goods/goods_view.php?goodsNo=22591,맥심 모카골드 마일드 240T# ,1,29900,구매확정,17:51,2023-11-29
2023-11-29,★리퍼특가★,https://cdn-pro-web-209-40.cdn-nhncommerce.com/edftr76860385_godomall_com/data/goods/23/08/35/22355/t50_22355_list_034.jpg#http://edftr76860385.godomall.com/goods/goods_view.php?goodsNo=22355,코코미 레이나 500 에어프라이어 전자렌지대 주방수납장#색상선택:메이플,1,59900,구매확정,13:36,2023-11-29
2023-11-28,(주)안산동서물류,https://cdn-pro-web-209-40.cdn-nhncommerce.com/edftr76860385_godomall_com/data/goods/23/10/40/22591/t50_22591_list_073.jpg#http://edftr76860385.godomall.com/goods/goods_view.php?goodsNo=22591,맥심 모카골드 마일드 240T# ,2,59800,구매확정,09:42,2023-11-28
2023-11-27,★리퍼특가★,https://cdn-pro-web-209-40.cdn-nhncommerce.com/edftr76860385_godomall_com/data/goods/23/08/35/22355/t50_22355_list_034.jpg#http://edftr76860385.godomall.com/goods/goods_view.php?goodsNo=22355,코코미 레이나 500 에어프라이어 전자렌지대 주방수납장#색상선택:그레이화이트,1,59900,구매확정,12:56,2023-11-27
2023-11-27,트라이스,https://cdn-pro-web-209-40.cdn-nhncommerce.com/edftr76860385_godomall_com/data/goods/23/11/47/23247/t50_23247_list_043.jpg#http://edftr76860385.godomall.com/goods/goods_view.php?goodsNo=23247,QUEENAR 퀸나 작고 강한 6단 변속 심플리 마사지건 QNM-S7000W# ,1,24900,구매확정,00:54,2023-11-27
2023-11-27,트라이스,http://daesangcoo.cafe24.com/img/title_index_cuttingboard_600.jpg#http://edftr76860385.godomall.com/goods/goods_view.php?goodsNo=21217,Coobinox 쿠비녹스 걸이형 인덱스 도마4p CO-04-16# ,1,13770,구매확정,00:31,2023-11-27
2023-11-26,★리퍼특가★,https://cdn-pro-web-209-40.cdn-nhncommerce.com/edftr76860385_godomall_com/data/goods/23/08/35/22355/t50_22355_list_034.jpg#http://edftr76860385.godomall.com/goods/goods_view.php?goodsNo=22355,코코미 레이나 500 에어프라이어 전자렌지대 주방수납장#색상선택:그레이화이트,1,59900,구매확정,17:59,2023-11-25
2023-11-24,트라이스,https://cdn-pro-web-209-40.cdn-nhncommerce.com/edftr76860385_godomall_com/data/goods/23/10/42/22673/t50_22673_list_058.jpg#http://edftr76860385.godomall.com/goods/goods_view.php?goodsNo=22673,VAIMAR 바이마르 알찬구성 스테인레스 혼합 밀폐용기 19종세트(원형15종+사..# ,1,39510,구매확정,09:12,2023-11-24
2023-11-24,트라이스,https://trys.speedgabia.com/vaimar/6_600.jpg#http://edftr76860385.godomall.com/goods/goods_view.php?goodsNo=21145,Vaimar 독일 바이마르 멀티 채반 믹싱볼세트 VMK-NE21E002# ,1,13770,구매확정,09:12,2023-11-24
2023-11-24,(주)안산동서물류,https://cdn-pro-web-209-40.cdn-nhncommerce.com/edftr76860385_godomall_com/data/goods/23/02/07/18204/t50_18204_list_031.jpg#http://edftr76860385.godomall.com/goods/goods_view.php?goodsNo=18204,특가 시리얼 묶음 LV 모음 기획전#선택:오레오 씬즈 초코무스 94g X 6개,1,8820,구매확정,09:12,2023-11-24
2023-11-24,(주)안산동서물류,https://cdn-pro-web-209-40.cdn-nhncommerce.com/edftr76860385_godomall_com/data/goods/23/02/07/18204/t50_18204_list_031.jpg#http://edftr76860385.godomall.com/goods/goods_view.php?goodsNo=18204,특가 시리얼 묶음 LV 모음 기획전#선택:리츠 레몬 96g x 6개,1,9420,구매확정,09:12,2023-11-24
2023-11-24,(주)안산동서물류,https://cdn-pro-web-209-40.cdn-nhncommerce.com/edftr76860385_godomall_com/data/goods/23/02/07/18204/t50_18204_list_031.jpg#http://edftr76860385.godomall.com/goods/goods_view.php?goodsNo=18204,특가 시리얼 묶음 LV 모음 기획전#선택:리츠 오리지날 크래커 80g x 6개,1,7830,구매확정,09:12,2023-11-24
2023-11-23,★리퍼특가★,https://cdn-pro-web-209-40.cdn-nhncommerce.com/edftr76860385_godomall_com/data/goods/23/08/35/22355/t50_22355_list_034.jpg#http://edftr76860385.godomall.com/goods/goods_view.php?goodsNo=22355,코코미 레이나 500 에어프라이어 전자렌지대 주방수납장#색상선택:화이트,1,59900,구매확정,13:15,2023-11-23
2023-11-23,(주)안산동서물류,https://cdn-pro-web-209-40.cdn-nhncommerce.com/edftr76860385_godomall_com/data/goods/23/02/06/17915/t50_17915_list_064.jpg#http://edftr76860385.godomall.com/goods/goods_view.php?goodsNo=17915,맥심 모카골드 라이트 커피믹스 11.8g x 180T X6개# ,1,109400,구매확정,11:52,2023-11-23
2023-11-23,(주)안산동서물류,https://cdn-pro-web-209-40.cdn-nhncommerce.com/edftr76860385_godomall_com/data/goods/23/02/06/17915/t50_17915_list_064.jpg#http://edftr76860385.godomall.com/goods/goods_view.php?goodsNo=17915,맥심 모카골드 라이트 커피믹스 11.8g x 180T X6개# ,1,109400,구매확정,11:51,2023-11-23
2023-11-22,트라이스,http://daesangcoo.cafe24.com/img/title_index_cuttingboard_600.jpg#http://edftr76860385.godomall.com/goods/goods_view.php?goodsNo=21217,Coobinox 쿠비녹스 걸이형 인덱스 도마4p CO-04-16# ,1,13770,입금대기,15:13,2023-11-22
2023-11-22,(주)안산동서물류,https://cdn-pro-web-209-40.cdn-nhncommerce.com/edftr76860385_godomall_com/data/goods/23/02/06/17923/t50_17923_list_092.jpg#http://edftr76860385.godomall.com/goods/goods_view.php?goodsNo=17923,맥심 모카골드 커피믹스 12g x 170T X 2개# ,1,40890,구매확정,08:44,2023-11-22
2023-11-22,트라이스,https://cdn-pro-web-209-40.cdn-nhncommerce.com/edftr76860385_godomall_com/data/goods/23/10/42/22673/t50_22673_list_058.jpg#http://edftr76860385.godomall.com/goods/goods_view.php?goodsNo=22673,VAIMAR 바이마르 알찬구성 스테인레스 혼합 밀폐용기 19종세트(원형15종+사..# ,1,39510,구매확정,18:07,2023-11-21
2023-11-22,트라이스,https://trys.speedgabia.com/vaimar/6_600.jpg#http://edftr76860385.godomall.com/goods/goods_view.php?goodsNo=21145,Vaimar 독일 바이마르 멀티 채반 믹싱볼세트 VMK-NE21E002# ,1,13770,구매확정,18:07,2023-11-21
2023-11-20,(주)안산동서물류,https://cdn-pro-web-209-40.cdn-nhncommerce.com/edftr76860385_godomall_com/data/goods/23/02/06/17917/t50_17917_list_014.jpg#http://edftr76860385.godomall.com/goods/goods_view.php?goodsNo=17917,맥심 모카골드 마일드 커피믹스 12g X 210T# ,1,24400,구매확정,15:37,2023-11-20
2023-11-20,고래가구,https://cdn-pro-web-209-40.cdn-nhncommerce.com/edftr76860385_godomall_com/data/goods/23/03/13/20287/t50_20287_list_021.jpg#http://edftr76860385.godomall.com/goods/goods_view.php?goodsNo=20287,멜로망스 미니 건조기 가전 다용도 선반 수납장#건조기수납장:베이지(선반형),1,98500,구매확정,22:56,2023-11-19
2023-11-19,트라이스,https://trys.speedgabia.com/vaimar/6_600.jpg#http://edftr76860385.godomall.com/goods/goods_view.php?goodsNo=21145,Vaimar 독일 바이마르 멀티 채반 믹싱볼세트 VMK-NE21E002# ,1,13770,구매확정,01:14,2023-11-19
2023-11-18,트라이스,http://daesangcoo.cafe24.com/img/title_index_cuttingboard_600.jpg#http://edftr76860385.godomall.com/goods/goods_view.php?goodsNo=21217,Coobinox 쿠비녹스 걸이형 인덱스 도마4p CO-04-16# ,1,13900,구매확정,00:04,2023-11-18
2023-11-18,트라이스,https://trys.speedgabia.com/vaimar/6_600.jpg#http://edftr76860385.godomall.com/goods/goods_view.php?goodsNo=21145,Vaimar 독일 바이마르 멀티 채반 믹싱볼세트 VMK-NE21E002# ,1,13770,구매확정,00:04,2023-11-18
2023-11-18,(주)안산동서물류,https://cdn-pro-web-209-40.cdn-nhncommerce.com/edftr76860385_godomall_com/data/goods/23/02/07/18204/t50_18204_list_031.jpg#http://edftr76860385.godomall.com/goods/goods_view.php?goodsNo=18204,특가 시리얼 묶음 LV 모음 기획전#선택:그래놀라 카카오호두 510g X 2개,1,12500,구매확정,00:04,2023-11-18
2023-11-18,(주)안산동서물류,https://cdn-pro-web-209-40.cdn-nhncommerce.com/edftr76860385_godomall_com/data/goods/23/02/07/18202/t50_18202_list_021.jpg#http://edftr76860385.godomall.com/goods/goods_view.php?goodsNo=18202,특가 맥심/카누/모카골드/화이트골드 LV 모음 기획전#종류 선택:모카골드 210T,1,26740,구매확정,00:04,2023-11-18
2023-11-17,(주)안산동서물류,https://cdn-pro-web-209-40.cdn-nhncommerce.com/edftr76860385_godomall_com/data/goods/23/02/06/18053/t50_18053_list_033.jpg#http://edftr76860385.godomall.com/goods/goods_view.php?goodsNo=18053,포스트 아몬드 후레이크 1000g X2개 (2kg)# ,1,15960,구매확정,11:03,2023-11-17
2023-11-16,유니맥스,https://cdn-pro-web-209-40.cdn-nhncommerce.com/edftr76860385_godomall_com/data/goods/23/02/06/16969/t50_16969_list_023.jpg#http://edftr76860385.godomall.com/goods/goods_view.php?goodsNo=16969,PTC 전기 온풍기 히터 불멍 인테리어# ,1,79000,구매확정,15:32,2023-11-16
2023-11-15,신일,https://cdn-pro-web-209-40.cdn-nhncommerce.com/edftr76860385_godomall_com/data/goods/23/10/42/22682/t50_22682_list_088.jpg#http://edftr76860385.godomall.com/goods/goods_view.php?goodsNo=22682,전기히터 4구 하이라이트 사무실 업소용 대형 난로# ,1,498000,구매확정,18:18,2023-11-14
2023-11-13,(주)안산동서물류,https://cdn-pro-web-209-40.cdn-nhncommerce.com/edftr76860385_godomall_com/data/goods/23/02/06/17919/t50_17919_list_090.jpg#http://edftr76860385.godomall.com/goods/goods_view.php?goodsNo=17919,맥심 모카골드 마일드 커피믹스 12g X 210T X3개# ,1,72900,구매확정,13:12,2023-11-13
2023-11-13,★리퍼특가★,https://cdn-pro-web-209-40.cdn-nhncommerce.com/edftr76860385_godomall_com/data/goods/23/08/35/22355/t50_22355_list_034.jpg#http://edftr76860385.godomall.com/goods/goods_view.php?goodsNo=22355,코코미 레이나 500 에어프라이어 전자렌지대 주방수납장#색상선택:그레이화이트,1,59900,구매확정,11:39,2023-11-13
2023-11-13,★리퍼특가★,https://cdn-pro-web-209-40.cdn-nhncommerce.com/edftr76860385_godomall_com/data/goods/23/08/35/22355/t50_22355_list_034.jpg#http://edftr76860385.godomall.com/goods/goods_view.php?goodsNo=22355,코코미 레이나 500 에어프라이어 전자렌지대 주방수납장#색상선택:그레이화이트,1,59900,구매확정,04:42,2023-11-13
2023-11-10,신일,https://cdn-pro-web-209-40.cdn-nhncommerce.com/edftr76860385_godomall_com/data/goods/23/11/45/22871/t50_22871_list_034.jpg#http://edftr76860385.godomall.com/goods/goods_view.php?goodsNo=22871,전기히터 1구 하이라이트 에코 큐브 가정용 캠핑용 전기난로#상품선택:화이트 600W(SEH-F600HLW),1,159000,구매확정,14:29,2023-11-10
2023-11-09,트라이스,https://cdn-pro-web-209-40.cdn-nhncommerce.com/edftr76860385_godomall_com/data/goods/23/10/42/22673/t50_22673_list_058.jpg#http://edftr76860385.godomall.com/goods/goods_view.php?goodsNo=22673,VAIMAR 바이마르 알찬구성 스테인레스 혼합 밀폐용기 19종세트(원형15종+사..# ,1,39900,구매확정,17:34,2023-11-08
2023-11-08,★리퍼특가★,https://cdn-pro-web-209-40.cdn-nhncommerce.com/edftr76860385_godomall_com/data/goods/23/08/35/22355/t50_22355_list_034.jpg#http://edftr76860385.godomall.com/goods/goods_view.php?goodsNo=22355,코코미 레이나 500 에어프라이어 전자렌지대 주방수납장#색상선택:화이트,1,59900,구매확정,15:03,2023-11-08
2023-11-07,★리퍼특가★,https://cdn-pro-web-209-40.cdn-nhncommerce.com/edftr76860385_godomall_com/data/goods/23/08/35/22355/t50_22355_list_034.jpg#http://edftr76860385.godomall.com/goods/goods_view.php?goodsNo=22355,코코미 레이나 500 에어프라이어 전자렌지대 주방수납장#색상선택:그레이,1,59900,구매확정,16:57,2023-11-07
2023-11-07,파로마리빙,https://cdn-pro-web-209-40.cdn-nhncommerce.com/edftr76860385_godomall_com/data/goods/23/02/06/18075/t50_18075_list_045.jpg#http://edftr76860385.godomall.com/goods/goods_view.php?goodsNo=18075,코끼리 라인프렌즈 레트로 탁상용 무선 선풍기#캐릭터 선택:샐리,1,29800,구매확정,12:04,2023-11-07
2023-11-07,파로마리빙,https://cdn-pro-web-209-40.cdn-nhncommerce.com/edftr76860385_godomall_com/data/goods/23/02/06/18075/t50_18075_list_045.jpg#http://edftr76860385.godomall.com/goods/goods_view.php?goodsNo=18075,코끼리 라인프렌즈 레트로 탁상용 무선 선풍기#캐릭터 선택:브라운,1,29800,구매확정,12:04,2023-11-07
2023-11-06,트라이스,https://cdn-pro-web-209-40.cdn-nhncommerce.com/edftr76860385_godomall_com/data/goods/23/10/42/22673/t50_22673_list_058.jpg#http://edftr76860385.godomall.com/goods/goods_view.php?goodsNo=22673,VAIMAR 바이마르 알찬구성 스테인레스 혼합 밀폐용기 19종세트(원형15종+사..# ,1,39900,구매확정,14:16,2023-11-06
2023-11-05,★리퍼특가★,https://cdn-pro-web-209-40.cdn-nhncommerce.com/edftr76860385_godomall_com/data/goods/23/08/35/22355/t50_22355_list_034.jpg#http://edftr76860385.godomall.com/goods/goods_view.php?goodsNo=22355,코코미 레이나 500 에어프라이어 전자렌지대 주방수납장#색상선택:그레이,1,59900,구매확정,00:17,2023-11-05
2023-11-04,(주)안산동서물류,https://cdn-pro-web-209-40.cdn-nhncommerce.com/edftr76860385_godomall_com/data/goods/23/02/06/18070/t50_18070_list_011.jpg#http://edftr76860385.godomall.com/goods/goods_view.php?goodsNo=18070,포스트 프로틴바 소포장 단백질바 150g(50g X 3개입)# ,20,42200,구매확정,04:09,2023-11-04
2023-11-03,★리퍼특가★,https://cdn-pro-web-209-40.cdn-nhncommerce.com/edftr76860385_godomall_com/data/goods/23/08/35/22355/t50_22355_list_034.jpg#http://edftr76860385.godomall.com/goods/goods_view.php?goodsNo=22355,코코미 레이나 500 에어프라이어 전자렌지대 주방수납장#색상선택:그레이화이트,1,59900,구매확정,11:53,2023-11-03
2023-11-02,파로마,https://cdn-pro-web-209-40.cdn-nhncommerce.com/edftr76860385_godomall_com/data/goods/23/04/15/20421/t50_20421_list_064.jpg#http://edftr76860385.godomall.com/goods/goods_view.php?goodsNo=20421,키친애 1200 렌지대 밥솥 전자렌지 에어프라이어 주방수납장# ,1,134000,구매확정,16:35,2023-11-02
2023-11-02,(주)안산동서물류,https://cdn-pro-web-209-40.cdn-nhncommerce.com/edftr76860385_godomall_com/data/goods/23/10/40/22591/t50_22591_list_073.jpg#http://edftr76860385.godomall.com/goods/goods_view.php?goodsNo=22591,맥심 모카골드 마일드 240T# ,2,59800,구매확정,09:01,2023-11-02
2023-11-01,코코미,https://cdn-pro-web-209-40.cdn-nhncommerce.com/edftr76860385_godomall_com/data/goods/23/08/35/22355/t50_22355_list_034.jpg#http://edftr76860385.godomall.com/goods/goods_view.php?goodsNo=22355,레이나 500 에어프라이어 전자렌지대 주방수납장#색상선택:화이트,1,73000,구매확정,15:35,2023-11-01
2023-11-01,(주)안산동서물류,https://cdn-pro-web-209-40.cdn-nhncommerce.com/edftr76860385_godomall_com/data/goods/23/02/07/18202/t50_18202_list_021.jpg#http://edftr76860385.godomall.com/goods/goods_view.php?goodsNo=18202,특가 맥심/카누/모카골드/화이트골드 LV 모음 기획전#종류 선택:모카골드 210T,2,53480,구매확정,10:53,2023-11-01
2023-11-01,(주)안산동서물류,https://cdn-pro-web-209-40.cdn-nhncommerce.com/edftr76860385_godomall_com/data/goods/23/02/06/18041/t50_18041_list_012.jpg#http://edftr76860385.godomall.com/goods/goods_view.php?goodsNo=18041,포스트 그래놀라 크랜베리 아몬드 570g X3개# ,1,14200,구매확정,23:30,2023-10-31
2023-11-01,(주)안산동서물류,https://cdn-pro-web-209-40.cdn-nhncommerce.com/edftr76860385_godomall_com/data/goods/23/02/07/18202/t50_18202_list_021.jpg#http://edftr76860385.godomall.com/goods/goods_view.php?goodsNo=18202,특가 맥심/카누/모카골드/화이트골드 LV 모음 기획전#종류 선택:카누 미니 다크 150T X 2개(총 300T),2,108720,구매확정,21:01,2023-10-31
2023-10-31,(주)안산동서물류,https://cdn-pro-web-209-40.cdn-nhncommerce.com/edftr76860385_godomall_com/data/goods/23/02/06/17914/t50_17914_list_065.jpg#http://edftr76860385.godomall.com/goods/goods_view.php?goodsNo=17914,맥심 모카골드 라이트 커피믹스 11.8g x 180T X4개# ,1,72900,구매확정,11:31,2023-10-31
2023-10-31,트라이스,https://twolc0317.cafe24.com/image/trentone/simply/simply_thumb_3.jpg#http://edftr76860385.godomall.com/goods/goods_view.php?goodsNo=21024,TRENTONE 트렌톤 다용도보관용기 심플리 2호 12종(750ml x 12개)# ,1,14900,구매확정,00:14,2023-10-31
2023-10-31,트라이스,https://trys2023.speedgabia.com/sindo/2023/01.30/1.jpg#http://edftr76860385.godomall.com/goods/goods_view.php?goodsNo=21216,VAIMAR 바이마르 뉴본 스텐 삼중바닥 냄비 캠핑 15종 풀세트(휴대용가방포함..# ,1,40500,구매확정,00:14,2023-10-31
2023-10-31,(주)안산동서물류,https://cdn-pro-web-209-40.cdn-nhncommerce.com/edftr76860385_godomall_com/data/goods/23/02/06/17912/t50_17912_list_080.jpg#http://edftr76860385.godomall.com/goods/goods_view.php?goodsNo=17912,맥심 모카골드 라이트 커피믹스 11.8g x 180T X2개# ,1,36780,구매확정,19:52,2023-10-30
2023-10-30,트라이스,https://trys2023.speedgabia.com/sindo/2023/01.10/600_2.jpg#http://edftr76860385.godomall.com/goods/goods_view.php?goodsNo=20839,Ssak 싹스핀 싹쓸이 크린 통돌이회전 청소기 (본품+패드2매+추가패드6매) S..# ,1,25900,구매확정,19:34,2023-10-29
2023-10-30,트라이스,https://trys.speedgabia.com/vaimar/6_600.jpg#http://edftr76860385.godomall.com/goods/goods_view.php?goodsNo=21145,Vaimar 독일 바이마르 멀티 채반 믹싱볼세트 VMK-NE21E002# ,1,13770,구매확정,19:34,2023-10-29
2023-10-26,(주)안산동서물류,https://cdn-pro-web-209-40.cdn-nhncommerce.com/edftr76860385_godomall_com/data/goods/23/02/06/17897/t50_17897_list_030.jpg#http://edftr76860385.godomall.com/goods/goods_view.php?goodsNo=17897,누룽지 둥굴레차 1.5g x 100티백# ,1,6560,구매확정,14:12,2023-10-26
2023-10-26,(주)안산동서물류,https://cdn-pro-web-209-40.cdn-nhncommerce.com/edftr76860385_godomall_com/data/goods/23/02/06/17919/t50_17919_list_090.jpg#http://edftr76860385.godomall.com/goods/goods_view.php?goodsNo=17919,맥심 모카골드 마일드 커피믹스 12g X 210T X3개# ,1,72900,구매확정,14:12,2023-10-26
2023-10-26,트라이스,https://trys.speedgabia.com/vaimar/6_600.jpg#http://edftr76860385.godomall.com/goods/goods_view.php?goodsNo=21145,Vaimar 독일 바이마르 멀티 채반 믹싱볼세트 VMK-NE21E002# ,2,27540,구매확정,11:45,2023-10-26
2023-10-24,(주)안산동서물류,https://cdn-pro-web-209-40.cdn-nhncommerce.com/edftr76860385_godomall_com/data/goods/23/02/06/17959/t50_17959_list_084.png#http://edftr76860385.godomall.com/goods/goods_view.php?goodsNo=17959,맥심 화이트골드 커피믹스 50T x2개# ,1,15000,구매확정,16:44,2023-10-24
2023-10-24,(주)안산동서물류,https://cdn-pro-web-209-40.cdn-nhncommerce.com/edftr76860385_godomall_com/data/goods/23/02/07/18167/t50_18167_list_038.jpg#http://edftr76860385.godomall.com/goods/goods_view.php?goodsNo=18167,동서식품 시리얼/오레오/리츠크래커 LV 모음 기획전#선택:오레오 씬즈 티라미수 84g,3,3060,구매확정,17:46,2023-10-23
2023-10-24,(주)안산동서물류,https://cdn-pro-web-209-40.cdn-nhncommerce.com/edftr76860385_godomall_com/data/goods/23/02/07/18167/t50_18167_list_038.jpg#http://edftr76860385.godomall.com/goods/goods_view.php?goodsNo=18167,동서식품 시리얼/오레오/리츠크래커 LV 모음 기획전#선택:오레오 미스터리 80g,3,3060,구매확정,17:46,2023-10-23
2023-10-24,(주)안산동서물류,https://cdn-pro-web-209-40.cdn-nhncommerce.com/edftr76860385_godomall_com/data/goods/23/02/07/18167/t50_18167_list_038.jpg#http://edftr76860385.godomall.com/goods/goods_view.php?goodsNo=18167,동서식품 시리얼/오레오/리츠크래커 LV 모음 기획전#선택:오레오 레드벨벳 94g,3,3060,구매확정,17:46,2023-10-23
2023-10-24,(주)안산동서물류,https://cdn-pro-web-209-40.cdn-nhncommerce.com/edftr76860385_godomall_com/data/goods/23/02/07/18167/t50_18167_list_038.jpg#http://edftr76860385.godomall.com/goods/goods_view.php?goodsNo=18167,동서식품 시리얼/오레오/리츠크래커 LV 모음 기획전#선택:오레오 마일드스위트 100g,3,2730,구매확정,17:46,2023-10-23
2023-10-24,(주)안산동서물류,https://cdn-pro-web-209-40.cdn-nhncommerce.com/edftr76860385_godomall_com/data/goods/23/02/07/18167/t50_18167_list_038.jpg#http://edftr76860385.godomall.com/goods/goods_view.php?goodsNo=18167,동서식품 시리얼/오레오/리츠크래커 LV 모음 기획전#선택:오레오 딸기크림 100g,3,2730,구매확정,17:46,2023-10-23
2023-10-24,(주)안산동서물류,https://cdn-pro-web-209-40.cdn-nhncommerce.com/edftr76860385_godomall_com/data/goods/23/02/07/18167/t50_18167_list_038.jpg#http://edftr76860385.godomall.com/goods/goods_view.php?goodsNo=18167,동서식품 시리얼/오레오/리츠크래커 LV 모음 기획전#선택:오레오 골든 100g,2,1820,구매확정,17:46,2023-10-23
2023-10-24,(주)안산동서물류,https://cdn-pro-web-209-40.cdn-nhncommerce.com/edftr76860385_godomall_com/data/goods/23/02/07/18167/t50_18167_list_038.jpg#http://edftr76860385.godomall.com/goods/goods_view.php?goodsNo=18167,동서식품 시리얼/오레오/리츠크래커 LV 모음 기획전#선택:오레오 화이트크림 100g(오리지널),3,2730,구매확정,17:46,2023-10-23
2023-10-23,트라이스,https://trys.speedgabia.com/tjnet/220104/R8.jpg#http://edftr76860385.godomall.com/goods/goods_view.php?goodsNo=21135,ROYALFORD 로얄포드 모던 인덱스 도마 세트 4p (도마3p+거치대)# ,1,15900,구매확정,07:19,2023-10-23
2023-10-23,트라이스,https://trys.speedgabia.com/sindo/220429/Janie_5set_600.jpg#http://edftr76860385.godomall.com/goods/goods_view.php?goodsNo=20995,JANIE 제이니 재사용 가능한 리유저블 텀블러 5종세트# ,1,10900,구매확정,22:51,2023-10-22
2023-10-23,트라이스,https://trys.speedgabia.com/tjnet/220104/R8.jpg#http://edftr76860385.godomall.com/goods/goods_view.php?goodsNo=21135,ROYALFORD 로얄포드 모던 인덱스 도마 세트 4p (도마3p+거치대)# ,1,15900,구매확정,18:40,2023-10-22
2023-10-22,이지드롭,https://gi.esmplus.com/daon0605/동서가구/thumb_015.jpg#http://edftr76860385.godomall.com/goods/goods_view.php?goodsNo=16866,변기크리너 라벤더향(핸들미포함) 변기청소 욕실청소 화장실 변기솔#상품선택:4)_라벤더향6팩(72개입)-핸들미포함,1,28900,구매확정,08:56,2023-10-22
2023-10-22,고래가구,https://cdn-pro-web-209-40.cdn-nhncommerce.com/edftr76860385_godomall_com/data/goods/23/03/13/20287/t50_20287_list_021.jpg#http://edftr76860385.godomall.com/goods/goods_view.php?goodsNo=20287,멜로망스 미니 건조기 가전 다용도 선반 수납장#건조기수납장:화이트(인출형),1,103500,구매확정,23:26,2023-10-21
2023-10-22,트라이스,https://trys2022.speedgabia.com/sindo/2022/11.15/600.jpg#http://edftr76860385.godomall.com/goods/goods_view.php?goodsNo=21155,QUEENAR 퀸나 스퀘어 회전 만능 슬라이서 채칼 QNCK-400G# ,1,20900,구매확정,19:24,2023-10-21
2023-10-21,(주)안산동서물류,https://cdn-pro-web-209-40.cdn-nhncommerce.com/edftr76860385_godomall_com/data/goods/23/02/06/17993/t50_17993_list_040.jpg#http://edftr76860385.godomall.com/goods/goods_view.php?goodsNo=17993,카누 미니 마일드 로스트 0.9g x 130개입(100+30T추가)# ,1,21400,구매확정,19:36,2023-10-20
2023-10-19,트라이스,https://trys2022.speedgabia.com/gncompany/2022/09.05/1.jpg#http://edftr76860385.godomall.com/goods/goods_view.php?goodsNo=21200,QUEENAR 퀸나 롤롤 회전 채칼 QNCK-300#색상:화이트//0원/0원/0//노출함/판매함/,1,14900,입금대기,00:04,2023-10-19
2023-10-19,트라이스,https://trys2022.speedgabia.com/mnj/2022/11.15/4_600.jpg#http://edftr76860385.godomall.com/goods/goods_view.php?goodsNo=21175,SILVERSTAR 실버스타 304고급 올스텐 배수구 덮개+타공망세트# ,1,26900,구매확정,19:55,2023-10-18
2023-10-18,트라이스,https://twolc0317.cafe24.com/image/trentone/simply/simply_thumb_6.jpg#http://edftr76860385.godomall.com/goods/goods_view.php?goodsNo=21023,TRENTONE 트렌톤 다용도보관용기 심플리 1호 8종(750ml x 8개)# ,20,258000,구매확정,23:32,2023-10-17
2023-10-16,트라이스,https://gi.esmplus.com/azk6800/viska/VK-100TC_1000.jpg#http://edftr76860385.godomall.com/goods/goods_view.php?goodsNo=20840,VISKA 독일 비스카 다용도 변기청소기 VK-100TC# ,1,15900,구매확정,11:22,2023-10-16
2023-10-16,파로마리빙,https://cdn-pro-web-209-40.cdn-nhncommerce.com/edftr76860385_godomall_com/data/goods/23/02/06/16992/t50_16992_list_022.jpg#http://edftr76860385.godomall.com/goods/goods_view.php?goodsNo=16992,엠엔 서큘레이터형 BLDC 무선 선풍기 삼성전자 ODM 제조사#색상선택:베이지 FNC-D12MBG,1,129000,구매확정,09:36,2023-10-16
2023-10-16,파로마리빙,https://cdn-pro-web-209-40.cdn-nhncommerce.com/edftr76860385_godomall_com/data/goods/23/02/06/16996/t50_16996_list_055.jpg#http://edftr76860385.godomall.com/goods/goods_view.php?goodsNo=16996,엠엔 가정용 초미풍 스탠드 선풍기 FNF-G14WG 삼성전자 ODM 제조사# ,3,177000,구매확정,09:36,2023-10-16
2023-10-13,(주)안산동서물류,https://cdn-pro-web-209-40.cdn-nhncommerce.com/edftr76860385_godomall_com/data/goods/23/02/06/17919/t50_17919_list_090.jpg#http://edftr76860385.godomall.com/goods/goods_view.php?goodsNo=17919,맥심 모카골드 마일드 커피믹스 12g X 210T X3개# ,1,72900,구매확정,12:34,2023-10-13
2023-10-12,(주)안산동서물류,https://cdn-pro-web-209-40.cdn-nhncommerce.com/edftr76860385_godomall_com/data/goods/23/02/06/17917/t50_17917_list_014.jpg#http://edftr76860385.godomall.com/goods/goods_view.php?goodsNo=17917,맥심 모카골드 마일드 커피믹스 12g X 210T# ,1,24400,구매확정,15:30,2023-10-12
2023-10-12,(주)안산동서물류,https://cdn-pro-web-209-40.cdn-nhncommerce.com/edftr76860385_godomall_com/data/goods/23/10/40/22591/t50_22591_list_073.jpg#http://edftr76860385.godomall.com/goods/goods_view.php?goodsNo=22591,맥심 모카골드 마일드 240T# ,3,89700,구매확정,11:04,2023-10-12
2023-10-12,파로마리빙,https://cdn-pro-web-209-40.cdn-nhncommerce.com/edftr76860385_godomall_com/data/goods/23/02/06/18079/t50_18079_list_046.jpg#http://edftr76860385.godomall.com/goods/goods_view.php?goodsNo=18079,라인프렌즈 스윙 미니 선풍기 접이식 휴대용 KHN-F8-MINI#캐릭터 선택:브라운,1,12900,구매확정,17:09,2023-10-11
2023-10-11,(주)안산동서물류,https://cdn-pro-web-209-40.cdn-nhncommerce.com/edftr76860385_godomall_com/data/goods/23/10/40/22591/t50_22591_list_073.jpg#http://edftr76860385.godomall.com/goods/goods_view.php?goodsNo=22591,맥심 모카골드 마일드 240T# ,1,29900,구매확정,15:25,2023-10-11
2023-10-11,(주)안산동서물류,https://cdn-pro-web-209-40.cdn-nhncommerce.com/edftr76860385_godomall_com/data/goods/23/02/06/17919/t50_17919_list_090.jpg#http://edftr76860385.godomall.com/goods/goods_view.php?goodsNo=17919,맥심 모카골드 마일드 커피믹스 12g X 210T X3개# ,1,72900,구매확정,15:05,2023-10-11
2023-10-11,(주)안산동서물류,https://cdn-pro-web-209-40.cdn-nhncommerce.com/edftr76860385_godomall_com/data/goods/23/10/40/22591/t50_22591_list_073.jpg#http://edftr76860385.godomall.com/goods/goods_view.php?goodsNo=22591,맥심 모카골드 마일드 240T# ,2,59800,구매확정,12:59,2023-10-11
2023-10-11,트라이스,https://trys.speedgabia.com/tjnet/220104/R8.jpg#http://edftr76860385.godomall.com/goods/goods_view.php?goodsNo=21135,ROYALFORD 로얄포드 모던 인덱스 도마 세트 4p (도마3p+거치대)# ,1,15900,구매확정,12:27,2023-10-11
2023-10-11,(주)안산동서물류,https://cdn-pro-web-209-40.cdn-nhncommerce.com/edftr76860385_godomall_com/data/goods/23/02/06/18062/t50_18062_list_077.jpg#http://edftr76860385.godomall.com/goods/goods_view.php?goodsNo=18062,포스트 콘푸라이트 1100g X3개 대용량 시리얼# ,1,22900,구매확정,23:11,2023-10-10
2023-10-11,(주)안산동서물류,https://cdn-pro-web-209-40.cdn-nhncommerce.com/edftr76860385_godomall_com/data/goods/23/10/40/22591/t50_22591_list_073.jpg#http://edftr76860385.godomall.com/goods/goods_view.php?goodsNo=22591,맥심 모카골드 마일드 240T# ,1,29900,구매확정,17:18,2023-10-10
2023-10-10,(주)안산동서물류,https://cdn-pro-web-209-40.cdn-nhncommerce.com/edftr76860385_godomall_com/data/goods/23/02/06/17909/t50_17909_list_018.jpg#http://edftr76860385.godomall.com/goods/goods_view.php?goodsNo=17909,맥스웰 하우스 오리지날 커피믹스 180개입 X 4개(빨강)# ,1,59900,구매확정,20:07,2023-10-09
2023-10-09,(주)안산동서물류,https://cdn-pro-web-209-40.cdn-nhncommerce.com/edftr76860385_godomall_com/data/goods/23/02/06/17997/t50_17997_list_045.png#http://edftr76860385.godomall.com/goods/goods_view.php?goodsNo=17997,카누 미니 마일드 로스트 스위트 2.9g x 100개입(+20T추가) X4개# ,1,79600,구매확정,13:08,2023-10-09
2023-10-05,(주)안산동서물류,https://cdn-pro-web-209-40.cdn-nhncommerce.com/edftr76860385_godomall_com/data/goods/23/10/40/22591/t50_22591_list_073.jpg#http://edftr76860385.godomall.com/goods/goods_view.php?goodsNo=22591,맥심 모카골드 마일드 240T# ,2,59800,구매확정,10:37,2023-10-05
2023-10-05,이지드롭,https://gi.esmplus.com/daon0605/동서가구/thumb_005.jpg#http://edftr76860385.godomall.com/goods/goods_view.php?goodsNo=16861,변기크리너 블루핸들+리필(라벤더향) 세트 변기청소 욕실청소 화장실 변기솔#상품선택:4)_블루핸들2개+라벤더향4팩(48개입),1,28900,구매확정,20:32,2023-10-04
2023-09-23,(주)안산동서물류,https://cdn-pro-web-209-40.cdn-nhncommerce.com/edftr76860385_godomall_com/data/goods/23/02/06/18047/t50_18047_list_067.jpg#http://edftr76860385.godomall.com/goods/goods_view.php?goodsNo=18047,포스트 단백질바 500g(50g X10개입)# ,1,6710,구매확정,01:00,2023-09-23
2023-09-21,파로마,https://cdn-pro-web-209-40.cdn-nhncommerce.com/edftr76860385_godomall_com/data/goods/23/04/15/20421/t50_20421_list_064.jpg#http://edftr76860385.godomall.com/goods/goods_view.php?goodsNo=20421,키친애 1200 렌지대 밥솥 전자렌지 에어프라이어 주방수납장# ,1,134000,구매확정,22:29,2023-09-20
2023-09-17,(주)안산동서물류,https://cdn-pro-web-209-40.cdn-nhncommerce.com/edftr76860385_godomall_com/data/goods/23/02/06/18043/t50_18043_list_095.png#http://edftr76860385.godomall.com/goods/goods_view.php?goodsNo=18043,포스트 그래놀라 크랜베리 아몬드 570g X5개# ,1,24400,구매확정,18:42,2023-09-16
2023-09-16,트라이스,http://shizell636.hgodo.com/rogiceramicpot/rogiIHfrypan/rogi-28wok-thumb1.jpg#http://edftr76860385.godomall.com/goods/goods_view.php?goodsNo=20847,ROGI 로기 colo IH 궁중팬28cm 로샤# ,1,23900,구매확정,04:15,2023-09-16
2023-09-14,트라이스,https://trys2023.speedgabia.com/sindo/2023/01.10/600_2.jpg#http://edftr76860385.godomall.com/goods/goods_view.php?goodsNo=20839,Ssak 싹스핀 싹쓸이 크린 통돌이회전 청소기 (본품+패드2매+추가패드6매) S..# ,1,25900,구매확정,13:03,2023-09-14
2023-09-14,(주)안산동서물류,https://cdn-pro-web-209-40.cdn-nhncommerce.com/edftr76860385_godomall_com/data/goods/23/07/28/22075/t50_22075_list_051.jpg#http://edftr76860385.godomall.com/goods/goods_view.php?goodsNo=22075,맥심 화이트골드 220개입# ,4,97600,구매확정,11:43,2023-09-14
2023-09-14,(주)안산동서물류,https://cdn-pro-web-209-40.cdn-nhncommerce.com/edftr76860385_godomall_com/data/goods/23/02/06/18047/t50_18047_list_067.jpg#http://edftr76860385.godomall.com/goods/goods_view.php?goodsNo=18047,포스트 단백질바 500g(50g X10개입)# ,1,6800,구매확정,20:23,2023-09-13
2023-09-14,트라이스,https://trys2022.speedgabia.com/seohwa/2022/06.02/1_600.jpg#http://edftr76860385.godomall.com/goods/goods_view.php?goodsNo=21067,Kelheim 켈하임 엔틱2단 찜솥 VMK-NE22P001# ,1,13900,구매확정,18:47,2023-09-13
2023-09-13,(주)안산동서물류,https://cdn-pro-web-209-40.cdn-nhncommerce.com/edftr76860385_godomall_com/data/goods/23/07/28/22075/t50_22075_list_051.jpg#http://edftr76860385.godomall.com/goods/goods_view.php?goodsNo=22075,맥심 화이트골드 220개입# ,1,24400,구매확정,09:57,2023-09-13
2023-09-13,트라이스,http://shizell636.hgodo.com/rogiceramicpot/rogiIHfrypan/rogi-28wok-thumb1.jpg#http://edftr76860385.godomall.com/goods/goods_view.php?goodsNo=20847,ROGI 로기 colo IH 궁중팬28cm 로샤# ,1,23900,구매확정,09:12,2023-09-13
2023-09-12,(주)안산동서물류,https://cdn-pro-web-209-40.cdn-nhncommerce.com/edftr76860385_godomall_com/data/goods/23/02/06/18040/t50_18040_list_067.png#http://edftr76860385.godomall.com/goods/goods_view.php?goodsNo=18040,포스트 그래놀라 크랜베리 아몬드 570g X2개# ,1,9390,구매확정,22:49,2023-09-11
2023-09-10,청송방,https://cdn-pro-web-209-40.cdn-nhncommerce.com/edftr76860385_godomall_com/data/goods/23/04/17/21273/t50_21273_list_033.jpg#http://edftr76860385.godomall.com/goods/goods_view.php?goodsNo=21273,헬리빈 더치커피 파우치 7종 84팩 세트# ,1,29610,구매확정,11:55,2023-09-10
2023-09-09,(주)안산동서물류,https://cdn-pro-web-209-40.cdn-nhncommerce.com/edftr76860385_godomall_com/data/goods/23/02/06/17980/t50_17980_list_074.jpg#http://edftr76860385.godomall.com/goods/goods_view.php?goodsNo=17980,카누 돌체 라떼 17.3g X 24개입 X 2개# ,1,17000,구매확정,14:59,2023-09-09
2023-09-09,(주)안산동서물류,https://cdn-pro-web-209-40.cdn-nhncommerce.com/edftr76860385_godomall_com/data/goods/23/02/06/18070/t50_18070_list_011.jpg#http://edftr76860385.godomall.com/goods/goods_view.php?goodsNo=18070,포스트 프로틴바 소포장 단백질바 150g(50g X 3개입)# ,4,8440,구매확정,12:18,2023-09-09
2023-09-09,(주)안산동서물류,https://cdn-pro-web-209-40.cdn-nhncommerce.com/edftr76860385_godomall_com/data/goods/23/02/06/18047/t50_18047_list_067.jpg#http://edftr76860385.godomall.com/goods/goods_view.php?goodsNo=18047,포스트 단백질바 500g(50g X10개입)# ,1,6860,구매확정,09:37,2023-09-09
2023-09-08,(주)안산동서물류,https://cdn-pro-web-209-40.cdn-nhncommerce.com/edftr76860385_godomall_com/data/goods/23/02/06/17915/t50_17915_list_064.jpg#http://edftr76860385.godomall.com/goods/goods_view.php?goodsNo=17915,맥심 모카골드 라이트 커피믹스 11.8g x 180T X6개# ,1,109400,구매확정,11:52,2023-09-08
2023-09-08,(주)안산동서물류,https://cdn-pro-web-209-40.cdn-nhncommerce.com/edftr76860385_godomall_com/data/goods/23/02/06/18070/t50_18070_list_011.jpg#http://edftr76860385.godomall.com/goods/goods_view.php?goodsNo=18070,포스트 프로틴바 소포장 단백질바 150g(50g X 3개입)# ,9,18990,구매확정,23:18,2023-09-07
2023-09-06,(주)안산동서물류,https://cdn-pro-web-209-40.cdn-nhncommerce.com/edftr76860385_godomall_com/data/goods/23/02/06/18037/t50_18037_list_09.jpg#http://edftr76860385.godomall.com/goods/goods_view.php?goodsNo=18037,포스트 그래놀라 크랜베리 아몬드 350g X10개 한박스# ,1,34600,구매확정,10:54,2023-09-06
2023-09-05,(주)안산동서물류,https://cdn-pro-web-209-40.cdn-nhncommerce.com/edftr76860385_godomall_com/data/goods/23/02/06/18070/t50_18070_list_011.jpg#http://edftr76860385.godomall.com/goods/goods_view.php?goodsNo=18070,포스트 프로틴바 소포장 단백질바 150g(50g X 3개입)# ,20,42200,구매확정,14:59,2023-09-05
2023-09-05,트라이스,https://gi.esmplus.com/clps2016/%EC%A0%9C%EB%84%88%20%EB%AF%B9%EC%8B%B1%EB%B3%BC&%EC%9D%B8%EB%8D%95%EC%85%98%20%EA%B7%B8%EC%99%B8/%ED%8B%B0%ED%81%AC%EB%82%98%EB%AC%B4%20%ED%82%A4%EC%B9%9C%ED%88%B4/teaktool-1-b1-01.jpg#http://edftr76860385.godomall.com/goods/goods_view.php?goodsNo=20873,GENAU 제너 티크나무 원목 조리도구 뒤집개 대# ,1,10900,구매확정,10:56,2023-09-05
2023-09-04,(주)안산동서물류,https://cdn-pro-web-209-40.cdn-nhncommerce.com/edftr76860385_godomall_com/data/goods/23/02/06/17919/t50_17919_list_090.jpg#http://edftr76860385.godomall.com/goods/goods_view.php?goodsNo=17919,맥심 모카골드 마일드 커피믹스 12g X 210T X3개# ,1,72900,구매확정,15:35,2023-09-04
2023-09-03,트라이스,http://daesangcoo.cafe24.com/img/title_index_cuttingboard_600.jpg#http://edftr76860385.godomall.com/goods/goods_view.php?goodsNo=21217,Coobinox 쿠비녹스 걸이형 인덱스 도마4p CO-04-16# ,1,13900,구매확정,01:22,2023-09-03
2023-08-30,트라이스,http://gi.esmplus.com/hvhouse/heavenco/rossimultiboard.jpg#http://edftr76860385.godomall.com/goods/goods_view.php?goodsNo=20958,ROSSI 이태리 로시 멀티보드 소(2MM)# ,1,17900,구매확정,11:52,2023-08-30
2023-08-30,트라이스,https://trys2023.speedgabia.com/homniz/2023/03.21/1.jpg#http://edftr76860385.godomall.com/goods/goods_view.php?goodsNo=20831,BORAL 보랄 대형 폴딩 카트 BR-FC1201# ,1,43900,구매확정,17:28,2023-08-29
2023-08-27,(주)안산동서물류,https://cdn-pro-web-209-40.cdn-nhncommerce.com/edftr76860385_godomall_com/data/goods/23/02/07/18202/t50_18202_list_021.jpg#http://edftr76860385.godomall.com/goods/goods_view.php?goodsNo=18202,특가 맥심/카누/모카골드/화이트골드 LV 모음 기획전#종류 선택:카누 미니 다크 150T X 2개(총 300T),2,108720,구매확정,14:23,2023-08-27
2023-08-26,파로마리빙,https://cdn-pro-web-209-40.cdn-nhncommerce.com/edftr76860385_godomall_com/data/goods/23/02/06/18079/t50_18079_list_046.jpg#http://edftr76860385.godomall.com/goods/goods_view.php?goodsNo=18079,라인프렌즈 스윙 미니 선풍기 접이식 휴대용 KHN-F8-MINI#캐릭터 선택:샐리,1,12900,구매확정,06:37,2023-08-26
2023-08-23,트라이스,https://trys2023.speedgabia.com/sindo/2023/01.10/600_2.jpg#http://edftr76860385.godomall.com/goods/goods_view.php?goodsNo=20839,Ssak 싹스핀 싹쓸이 크린 통돌이회전 청소기 (본품+패드2매+추가패드6매) S..# ,1,25900,구매확정,19:32,2023-08-22
2023-08-21,(주)안산동서물류,https://cdn-pro-web-209-40.cdn-nhncommerce.com/edftr76860385_godomall_com/data/goods/23/02/06/18053/t50_18053_list_033.jpg#http://edftr76860385.godomall.com/goods/goods_view.php?goodsNo=18053,포스트 아몬드 후레이크 1000g X2개 (2kg)# ,1,15960,구매확정,21:27,2023-08-20
2023-08-19,트라이스,https://trys.speedgabia.com/at/220218/1_600.jpg#http://edftr76860385.godomall.com/goods/goods_view.php?goodsNo=21124,정리마당 확장형 후라이팬 냄비 정리대# ,1,14900,구매확정,22:51,2023-08-18
2023-08-19,트라이스,https://trys2023.speedgabia.com/homniz/2023/02.23/2.jpg#http://edftr76860385.godomall.com/goods/goods_view.php?goodsNo=21012,BORAL 보랄 3L 스테인레스 음식물 쓰레기통 BR-300L# ,1,29900,구매확정,21:17,2023-08-18
2023-08-19,트라이스,https://gi.esmplus.com/clps2016/%EC%A0%9C%EB%84%88%20%EB%AF%B9%EC%8B%B1%EB%B3%BC&%EC%9D%B8%EB%8D%95%EC%85%98%20%EA%B7%B8%EC%99%B8/%ED%8B%B0%ED%81%AC%EB%82%98%EB%AC%B4%20%ED%82%A4%EC%B9%9C%ED%88%B4/teaktool-1-a1a2-03.jpg#http://edftr76860385.godomall.com/goods/goods_view.php?goodsNo=20878,GENAU 제너 티크나무 원목 수저세트 4세트# ,1,25900,구매확정,21:17,2023-08-18
2023-08-19,트라이스,https://trys.speedgabia.com/pentumkorea/little5p_600.jpg#http://edftr76860385.godomall.com/goods/goods_view.php?goodsNo=20952,Millena 밀레나 핸드메이드 리틀부케 악센트볼 5P# ,1,29900,구매확정,21:17,2023-08-18
2023-08-19,트라이스,https://jjstory.speedgabia.com/Shizell/domaknife/wavedoma_knife5p_600.jpg#http://edftr76860385.godomall.com/goods/goods_view.php?goodsNo=20959,Shizell 엘레강스 통원목 도마 + 나이프 5종세트# ,1,30900,구매확정,21:17,2023-08-18
2023-08-19,트라이스,https://trys.speedgabia.com/mnj/2022/220401/10_600.jpg#http://edftr76860385.godomall.com/goods/goods_view.php?goodsNo=20986,SiverStar 실버스타 오브니 세라믹코팅 주물냄비 2종C세트 24양+22전# ,1,46900,구매확정,21:17,2023-08-18
2023-08-19,트라이스,https://trys.speedgabia.com/mcallen/2022/12.23/6.jpg#http://edftr76860385.godomall.com/goods/goods_view.php?goodsNo=21058,HERZOG 헤르조그 올스테인레스 조리도구 5종세트 CP-017# ,1,26900,구매확정,21:17,2023-08-18
2023-08-19,트라이스,https://trys.speedgabia.com/at/2022/05.23/1_600.jpg#http://edftr76860385.godomall.com/goods/goods_view.php?goodsNo=21125,정리마당 다용도 싱크대 주방 방수매트 4p# ,1,11900,구매확정,21:17,2023-08-18
2023-08-19,트라이스,https://trys.speedgabia.com/tjnet/220104/5.jpg#http://edftr76860385.godomall.com/goods/goods_view.php?goodsNo=21134,ROYALFORD 로얄포드 캄포도마 네이처 (M+L) 2종세트# ,1,69900,구매확정,21:17,2023-08-18
2023-08-19,트라이스,https://trys.speedgabia.com/vaimar/6_600.jpg#http://edftr76860385.godomall.com/goods/goods_view.php?goodsNo=21145,Vaimar 독일 바이마르 멀티 채반 믹싱볼세트 VMK-NE21E002# ,1,13900,구매확정,21:17,2023-08-18
2023-08-19,트라이스,https://trys.speedgabia.com/gncompany/220218/3_600.jpg#http://edftr76860385.godomall.com/goods/goods_view.php?goodsNo=21157,VAIMAR 바이마르 IH 통3중 스텐 전골 가마솥 26cm# ,1,26900,구매확정,21:17,2023-08-18
2023-08-19,트라이스,https://trys.speedgabia.com/sindo/220113/1_600.jpg#http://edftr76860385.godomall.com/goods/goods_view.php?goodsNo=21170,MAX 맥스 국산 향균접시 파스타볼 세트 4P x 2set# ,1,19900,구매확정,21:17,2023-08-18
2023-08-19,트라이스,https://gowell107.cafe24.com/Corningware/1000/corningware_snoopy_snow_1000_01.jpg#http://edftr76860385.godomall.com/goods/goods_view.php?goodsNo=21193,Corelle 코렐 코닝웨어 스누피 스노우 식기세트 4인세트 28p# ,1,74900,구매확정,21:17,2023-08-18
2023-08-19,트라이스,https://trys2023.speedgabia.com/mnj_moon/2023/01.03/9.jpg#http://edftr76860385.godomall.com/goods/goods_view.php?goodsNo=21196,QUEENAR 퀸나 굿 초이스 믹싱볼 3종 세트 QN-2468# ,1,12900,구매확정,21:17,2023-08-18
2023-08-17,(주)안산동서물류,https://cdn-pro-web-209-40.cdn-nhncommerce.com/edftr76860385_godomall_com/data/goods/23/02/06/17919/t50_17919_list_090.jpg#http://edftr76860385.godomall.com/goods/goods_view.php?goodsNo=17919,맥심 모카골드 마일드 커피믹스 12g X 210T X3개# ,1,72900,구매확정,14:54,2023-08-17
2023-08-15,이지드롭,https://gi.esmplus.com/daon0605/동서가구/thumb_015.jpg#http://edftr76860385.godomall.com/goods/goods_view.php?goodsNo=16866,변기크리너 라벤더향(핸들미포함) 변기청소 욕실청소 화장실 변기솔#상품선택:2)_라벤더향2팩(24개입)-핸들미포함,1,9900,구매확정,09:46,2023-08-15
2023-08-15,(주)안산동서물류,https://cdn-pro-web-209-40.cdn-nhncommerce.com/edftr76860385_godomall_com/data/goods/23/02/06/17914/t50_17914_list_065.jpg#http://edftr76860385.godomall.com/goods/goods_view.php?goodsNo=17914,맥심 모카골드 라이트 커피믹스 11.8g x 180T X4개# ,1,72900,구매확정,18:59,2023-08-14
2023-08-13,(주)안산동서물류,https://cdn-pro-web-209-40.cdn-nhncommerce.com/edftr76860385_godomall_com/data/goods/23/02/07/18204/t50_18204_list_031.jpg#http://edftr76860385.godomall.com/goods/goods_view.php?goodsNo=18204,특가 시리얼 묶음 LV 모음 기획전#선택:콘푸라이트 600g x 2개,1,9500,구매확정,10:28,2023-08-13
2023-08-13,트라이스,https://trys.speedgabia.com/mcallen/2022/12.23/4.jpg#http://edftr76860385.godomall.com/goods/goods_view.php?goodsNo=21057,HERZOG 헤르조그 실리콘 조리도구 4종세트 CP-012# ,1,19900,구매확정,18:56,2023-08-12
2023-08-10,트라이스,https://trys2023.speedgabia.com/awesome/2023/03.02/1.jpg#http://edftr76860385.godomall.com/goods/goods_view.php?goodsNo=21197,NUTRISTAR 뉴트리스타 칼 세트 PA-NT400# ,1,18900,구매확정,17:41,2023-08-09
2023-08-09,트라이스,https://cdn-pro-web-209-40.cdn-nhncommerce.com/edftr76860385_godomall_com/data/goods/23/08/31/22193/t50_22193_list_060.jpg#http://edftr76860385.godomall.com/goods/goods_view.php?goodsNo=22193,VAIMAR 바이마르 스텐 혼합 믹싱볼 3종세트 VMK-230019# ,1,10900,구매확정,16:38,2023-08-09
2023-08-09,파로마리빙,https://cdn-pro-web-209-40.cdn-nhncommerce.com/edftr76860385_godomall_com/data/goods/23/02/06/18079/t50_18079_list_046.jpg#http://edftr76860385.godomall.com/goods/goods_view.php?goodsNo=18079,라인프렌즈 스윙 미니 선풍기 접이식 휴대용 KHN-F8-MINI#캐릭터 선택:샐리,1,12900,구매확정,19:09,2023-08-08
2023-08-07,(주)안산동서물류,https://cdn-pro-web-209-40.cdn-nhncommerce.com/edftr76860385_godomall_com/data/goods/23/07/28/22075/t50_22075_list_051.jpg#http://edftr76860385.godomall.com/goods/goods_view.php?goodsNo=22075,맥심 화이트골드 220개입# ,4,97600,구매확정,15:34,2023-08-07
2023-08-06,(주)안산동서물류,https://cdn-pro-web-209-40.cdn-nhncommerce.com/edftr76860385_godomall_com/data/goods/23/02/07/18202/t50_18202_list_021.jpg#http://edftr76860385.godomall.com/goods/goods_view.php?goodsNo=18202,특가 맥심/카누/모카골드/화이트골드 LV 모음 기획전#종류 선택:카누 미니 다크 130T,1,22900,구매확정,18:23,2023-08-05
2023-08-06,(주)안산동서물류,https://cdn-pro-web-209-40.cdn-nhncommerce.com/edftr76860385_godomall_com/data/goods/23/02/07/18202/t50_18202_list_021.jpg#http://edftr76860385.godomall.com/goods/goods_view.php?goodsNo=18202,특가 맥심/카누/모카골드/화이트골드 LV 모음 기획전#종류 선택:화이트골드 170T,1,22900,구매확정,18:23,2023-08-05
2023-08-05,파로마리빙,https://cdn-pro-web-209-40.cdn-nhncommerce.com/edftr76860385_godomall_com/data/goods/23/02/06/18079/t50_18079_list_046.jpg#http://edftr76860385.godomall.com/goods/goods_view.php?goodsNo=18079,라인프렌즈 스윙 미니 선풍기 접이식 휴대용 KHN-F8-MINI#캐릭터 선택:샐리,1,12900,구매확정,08:16,2023-08-05
